INSERT INTO country VALUES
    (1.0,2,'Afghanistan'),
    (2.0,3,'Albania'),
    (3.0,1,'Algeria'),
    (4.0,3,'Andorra'),
    (5.0,1,'Angola'),
    (6.0,4,'Antigua and Barbuda'),
    (7.0,6,'Argentina'),
    (8.0,2,'Armenia'),
    (9.0,4,'Aruba'),
    (10.0,5,'Australia'),
    (11.0,3,'Austria'),
    (12.0,2,'Azerbaijan'),
    (13.0,4,'Bahamas'),
    (14.0,2,'Bahrain'),
    (15.0,2,'Bangladesh'),
    (16.0,4,'Barbados'),
    (17.0,3,'Belarus'),
    (18.0,3,'Belgium'),
    (19.0,4,'Belize'),
    (20.0,1,'Benin'),
    (21.0,2,'Bhutan'),
    (22.0,6,'Bolivia'),
    (23.0,3,'Bosnia and Herzegovina'),
    (24.0,1,'Botswana'),
    (25.0,6,'Brazil'),
    (26.0,2,'Brunei'),
    (27.0,3,'Bulgaria'),
    (28.0,1,'Burkina Faso'),
    (29.0,2,'Myanmar'),
    (30.0,1,'Burundi'),
    (31.0,2,'Cambodia'),
    (32.0,1,'Cameroon'),
    (33.0,4,'Canada'),
    (34.0,1,'Cabo Verde'),
    (35.0,1,'Central African Republic'),
    (36.0,1,'Chad'),
    (37.0,6,'Chile'),
    (38.0,2,'China'),
    (39.0,6,'Colombia'),
    (40.0,1,'Comoros'),
    (41.0,1,'Democratic Republic of the Congo'),
    (42.0,4,'Costa Rica'),
    (43.0,1,'Cote d''Ivoire'),
    (44.0,3,'Croatia'),
    (45.0,4,'Cuba'),
    (46.0,4,'Curacoa'),
    (47.0,3,'Cyprus'),
    (48.0,3,'Czech Republic'),
    (49.0,3,'Denmark'),
    (50.0,1,'Djibouti'),
    (51.0,4,'Dominica'),
    (52.0,4,'Dominican Republic'),
    (53.0,6,'Ecuador'),
    (54.0,1,'Egypt'),
    (55.0,4,'El Salvador'),
    (57.0,1,'Eritrea'),
    (58.0,3,'Estonia'),
    (59.0,5,'Christmas Island'),
    (60.0,1,'Ethiopia'),
    (61.0,5,'Fiji'),
    (62.0,3,'Finland'),
    (63.0,3,'France'),
    (64.0,1,'Gabon'),
    (65.0,1,'Gambia'),
    (66.0,2,'Georgia'),
    (67.0,3,'Germany'),
    (68.0,1,'Ghana'),
    (69.0,3,'Greece'),
    (70.0,4,'Grenada'),
    (71.0,4,'Guatemala'),
    (72.0,1,'Guinea'),
    (74.0,6,'Guyana'),
    (75.0,4,'Haiti'),
    (76.0,3,'Holy See'),
    (77.0,4,'Honduras'),
    (78.0,2,'Hong Kong'),
    (79.0,3,'Hungary'),
    (80.0,3,'Iceland'),
    (81.0,2,'India'),
    (82.0,2,'Indonesia'),
    (83.0,2,'Iran'),
    (84.0,2,'Iraq'),
    (85.0,3,'Ireland'),
    (86.0,2,'Israel'),
    (87.0,3,'Italy'),
    (88.0,4,'Jamaica'),
    (89.0,2,'Japan'),
    (90.0,2,'Jordan'),
    (91.0,2,'Kazakhstan'),
    (92.0,1,'Kenya'),
    (93.0,5,'Kiribati'),
    (94.0,2,'North Korea'),
    (96.0,3,'Kosovo'),
    (97.0,2,'Kuwait'),
    (98.0,2,'Kyrgyzstan'),
    (99.0,2,'Laos'),
    (100.0,3,'Latvia'),
    (101.0,2,'Lebanon'),
    (102.0,1,'Lesotho'),
    (103.0,1,'Libya'),
    (104.0,1,'Liberia'),
    (105.0,3,'Liechtenstein'),
    (106.0,3,'Lithuania'),
    (107.0,3,'Luxembourg'),
    (108.0,2,'Macau'),
    (109.0,3,'Macedonia'),
    (110.0,1,'Madagascar'),
    (111.0,1,'Malawi'),
    (112.0,2,'Malaysia'),
    (113.0,2,'Maldives'),
    (114.0,1,'Mali'),
    (115.0,3,'Malta'),
    (116.0,5,'Marshall Islands'),
    (117.0,1,'Mauritania'),
    (118.0,1,'Mauritius'),
    (119.0,4,'Mexico'),
    (120.0,5,'Micronesia'),
    (121.0,3,'Moldova'),
    (122.0,3,'Monaco'),
    (123.0,2,'Mongolia'),
    (124.0,3,'Montenegro'),
    (125.0,1,'Morocco'),
    (126.0,1,'Mozambique'),
    (127.0,1,'Namibia'),
    (128.0,5,'Nauru'),
    (129.0,2,'Nepal'),
    (130.0,3,'Netherlands'),
    (131.0,5,'New Zealand'),
    (132.0,4,'Nicaragua'),
    (133.0,1,'Niger'),
    (134.0,1,'Nigeria'),
    (136.0,3,'Norway'),
    (137.0,2,'Oman'),
    (138.0,2,'Pakistan'),
    (139.0,5,'Palau'),
    (140.0,2,'Palestine'),
    (141.0,4,'Panama'),
    (142.0,5,'Papua new Guinea'),
    (143.0,6,'Paraguay'),
    (144.0,6,'Peru'),
    (145.0,2,'Philippines'),
    (146.0,3,'Poland'),
    (147.0,3,'Portugal'),
    (148.0,2,'Qatar'),
    (149.0,3,'Romania'),
    (150.0,2,'Russia'),
    (151.0,1,'Rwanda'),
    (152.0,4,'Saint Kitts and Nevis'),
    (153.0,4,'Saint Lucia'),
    (154.0,4,'Saint Vincent and the Grenadines'),
    (155.0,5,'Samoa'),
    (156.0,3,'San Marino'),
    (158.0,2,'Saudi Arabia'),
    (159.0,1,'Senegal'),
    (160.0,3,'Serbia'),
    (161.0,1,'Seychelles'),
    (162.0,1,'Sierre Leaone'),
    (163.0,2,'Singapore'),
    (165.0,3,'Slovakia'),
    (166.0,3,'Slovenia'),
    (167.0,5,'Solomon Islands'),
    (168.0,1,'Somalia'),
    (169.0,1,'South Africa'),
    (170.0,1,'Republic of the Congo'),
    (171.0,1,'South Sudan'),
    (172.0,3,'Spain'),
    (173.0,2,'Sri Lanka'),
    (174.0,1,'Sudan'),
    (175.0,3,'Sweden'),
    (176.0,3,'Switzerland'),
    (177.0,2,'Syria'),
    (178.0,2,'Taiwan'),
    (179.0,2,'Tajikistan'),
    (180.0,1,'Tanzania'),
    (181.0,2,'Thailand'),
    (182.0,2,'Timor-leste'),
    (183.0,1,'Togo'),
    (184.0,5,'Tonga'),
    (185.0,4,'Trinidad and Tobago'),
    (186.0,1,'Tunisia'),
    (187.0,2,'Turkey'),
    (188.0,2,'Turkmenistan'),
    (189.0,5,'Tuvalu'),
    (190.0,1,'Uganda'),
    (191.0,3,'Ukraine'),
    (192.0,2,'United Arab Emirates'),
    (193.0,3,'United Kingdom'),
    (194.0,4,'USA'),
    (195.0,6,'Uruguay'),
    (196.0,2,'Uzbekistan'),
    (197.0,5,'Vanuatu'),
    (198.0,6,'Venezuela'),
    (199.0,2,'Vietnam'),
    (200.0,2,'Yemen'),
    (201.0,1,'Zambia'),
    (202.0,1,'Zimbabwe'),
    (203.0,4,'Greenland'),
    (204.0,4,'Puerto Rico'),
    (205.0,4,'Bermuda'),
    (206.0,4,'Saint Martin'),
    (207.0,4,'Sint Maarten'),
    (208.0,4,'Saint Pierre and Miquelon'),
    (209.0,4,'Montserrat'),
    (210.0,4,'American Virgen Islands'),
    (211.0,4,'Saint-Barthelemy'),
    (212.0,4,'Anguilla'),
    (213.0,4,'Martinique'),
    (214.0,4,'Guadalope'),
    (215.0,4,'Cayman Islands'),
    (216.0,4,'Turks and Caicos Islands'),
    (217.0,6,'Falkland Island'),
    (218.0,6,'French Guyana'),
    (219.0,1,'Eswatini'),
    (220.0,1,'Reunion'),
    (222.0,5,'Cocos Islands'),
    (223.0,5,'New Caledonia'),
    (224.0,5,'French Polynesia'),
    (225.0,5,'Guam'),
    (226.0,5,'Cook Islands'),
    (227.0,5,'American Samoa'),
    (228.0,5,'Niue'),
    (229.0,5,'Wallis and Futuna'),
    (230.0,5,'Pitcairn Islands'),
    (231.0,5,'Tokelau'),
    (232.0,5,'Norfolk Island'),
    (233.0,5,'Northern Mariana Islands'),
    (234.0,6,'Suriname'),
    (235.0,2,'South Korea'),
    (236.0,1,'Equatorial Guinea'),
    (237.0,1,'Guinea-Bissau'),
    (238.0,1,'Sao Tome and Principe');

INSERT INTO continent VALUES
    (1.0,'Africa',NULL,2138),
    (2.0,'Asia',NULL,2301),
    (3.0,'Europe',NULL,286),
    (4.0,'North America',NULL,1064),
    (5.0,'Oceania',NULL,1313),
    (6.0,'South America',NULL,1064),
    (7.0,'Antarctica',0,0);

INSERT INTO language VALUES
    (1.0,'Abaza'),
    (2.0,'Afar'),
    (3.0,'Afrikaans'),
    (4.0,'Akan'),
    (5.0,'Albanian'),
    (6.0,'Alemannic'),
    (7.0,'Amharic'),
    (8.0,'Arabic'),
    (9.0,'Aramaic'),
    (10.0,'Arrernte'),
    (11.0,'Assamese'),
    (12.0,'Awadhi'),
    (13.0,'Avestan'),
    (14.0,'Azerbaijani'),
    (15.0,'Balinese'),
    (16.0,'Balochi'),
    (17.0,'Bambara'),
    (18.0,'Bantu'),
    (19.0,'Bassa'),
    (20.0,'Batak'),
    (21.0,'Belarusian'),
    (22.0,'Bembi'),
    (23.0,'Bengali'),
    (24.0,'Bhojpuri'),
    (25.0,'Bhojpuri'),
    (26.0,'Bislama'),
    (27.0,'Bodo'),
    (28.0,'Bosnian'),
    (29.0,'Breton'),
    (30.0,'Buginese'),
    (31.0,'Burmese'),
    (32.0,'Cahuilla'),
    (33.0,'Cantonese'),
    (34.0,'Catalan'),
    (35.0,'Cebuano'),
    (36.0,'Chechen'),
    (37.0,'Chewa'),
    (38.0,'Chhattisgarhi'),
    (39.0,'Chittagonian'),
    (40.0,'Chuvash'),
    (41.0,'Cornish'),
    (42.0,'Corsican'),
    (43.0,'Cree'),
    (44.0,'Czech'),
    (45.0,'Dakota'),
    (46.0,'Danish'),
    (47.0,'Deccan'),
    (48.0,'Dhundhari'),
    (49.0,'Dungan'),
    (50.0,'Dutch'),
    (51.0,'Eastern Min'),
    (52.0,'English'),
    (53.0,'Erzya'),
    (54.0,'Estonian'),
    (55.0,'Ewe'),
    (56.0,'Faroese'),
    (57.0,'Fijian'),
    (58.0,'Filipino'),
    (59.0,'Finnish'),
    (60.0,'French'),
    (61.0,'Friulian'),
    (62.0,'Fula'),
    (63.0,'Ga'),
    (64.0,'Gan'),
    (65.0,'Gan Chinese'),
    (66.0,'Ge''ez'),
    (67.0,'German'),
    (68.0,'Gijarati'),
    (69.0,'Gothic'),
    (70.0,'Greek'),
    (71.0,'Greenlandic'),
    (72.0,'Gumuz'),
    (73.0,'Hainanese'),
    (74.0,'Haitian Creole'),
    (75.0,'Hakka'),
    (76.0,'Harari'),
    (77.0,'Haryanvi'),
    (78.0,'Hausa'),
    (79.0,'Herero'),
    (80.0,'Hindi'),
    (81.0,'Hmong'),
    (82.0,'Hokkien'),
    (83.0,'Hopi'),
    (84.0,'Hungarian'),
    (85.0,'Icelandic'),
    (86.0,'Ido'),
    (87.0,'Igbo'),
    (88.0,'Ik'),
    (89.0,'Ilocano'),
    (90.0,'Ilongo'),
    (91.0,'Indonesian'),
    (92.0,'Ingush'),
    (93.0,'Irish'),
    (94.0,'Italian'),
    (95.0,'Japanese'),
    (96.0,'Javanese'),
    (97.0,'Jin'),
    (98.0,'Jutish'),
    (99.0,'Kannada'),
    (100.0,'Kanuri'),
    (101.0,'Kashmiri'),
    (102.0,'Kazakh'),
    (103.0,'Khakas'),
    (104.0,'Khmer'),
    (105.0,'Khoekhoe'),
    (106.0,'Khowar'),
    (107.0,'Kinyarwanda'),
    (108.0,'Kiribati'),
    (109.0,'Kirundi'),
    (110.0,'Konkani'),
    (111.0,'Korean'),
    (112.0,'Kurdish'),
    (113.0,'Kurmanji'),
    (114.0,'Ladin'),
    (115.0,'Lakota'),
    (116.0,'Limburgish'),
    (117.0,'Lingala'),
    (118.0,'Lithuanian'),
    (119.0,'Livonian'),
    (120.0,'Luo'),
    (121.0,'Luri'),
    (122.0,'Luxembourgish'),
    (123.0,'Macedonian'),
    (124.0,'Madurese'),
    (125.0,'Magahi'),
    (126.0,'Magar'),
    (127.0,'Maithili'),
    (128.0,'Malagasy'),
    (129.0,'Creole'),
    (130.0,'Malay'),
    (131.0,'Malayalam'),
    (132.0,'Mandarin'),
    (133.0,'Manx'),
    (134.0,'Marathi'),
    (135.0,'Marwari'),
    (136.0,'Min Bei'),
    (137.0,'Mon'),
    (138.0,'Mongolian'),
    (139.0,'Mossi'),
    (140.0,'Navajo'),
    (141.0,'Nepali'),
    (142.0,'Nepali'),
    (143.0,'Ngbee'),
    (144.0,'Northen Min'),
    (145.0,'Northern Thai'),
    (146.0,'Norwegian'),
    (147.0,'Nyangi'),
    (148.0,'Odia'),
    (149.0,'Okinawan Japanese'),
    (150.0,'Oromo'),
    (151.0,'Pashto'),
    (152.0,'Persian'),
    (153.0,'Pitjantjatjara'),
    (154.0,'Polish'),
    (155.0,'Portugese'),
    (156.0,'Punjabi'),
    (157.0,'Quechua'),
    (158.0,'Quechuan'),
    (159.0,'Rohingya'),
    (160.0,'Romani'),
    (161.0,'Romanian'),
    (162.0,'Russian'),
    (163.0,'Rusyn'),
    (164.0,'Sami'),
    (165.0,'Sami'),
    (166.0,'Samoan'),
    (167.0,'Saraiki'),
    (168.0,'Sardinian'),
    (169.0,'Scots'),
    (170.0,'Serbian'),
    (171.0,'Serbo-Croatian'),
    (172.0,'Shanghaiese'),
    (173.0,'Shona'),
    (174.0,'Sicilian'),
    (175.0,'Sikkimese'),
    (176.0,'Sindhi'),
    (177.0,'Sinhala'),
    (178.0,'Sinhalese'),
    (179.0,'Slovak'),
    (180.0,'Somali'),
    (181.0,'Southern Min'),
    (182.0,'Spanish'),
    (183.0,'Sundanese'),
    (184.0,'Swahili'),
    (185.0,'Swedish'),
    (186.0,'Sylheti'),
    (187.0,'Tagalog'),
    (188.0,'Tamang'),
    (189.0,'Tamil'),
    (190.0,'Telugu'),
    (191.0,'Tepes'),
    (192.0,'Tetum'),
    (193.0,'Thai'),
    (194.0,'Tibetan'),
    (195.0,'Tongan'),
    (196.0,'Tsez'),
    (197.0,'Tswana'),
    (198.0,'Turkish'),
    (199.0,'Turkmen'),
    (200.0,'Uduk'),
    (201.0,'Ukrainian'),
    (202.0,'Urdu'),
    (203.0,'Uyghur'),
    (204.0,'Uzbek'),
    (205.0,'Valencian'),
    (206.0,'Walloon'),
    (207.0,'Welch'),
    (208.0,'Venda'),
    (209.0,'Vietnamese'),
    (210.0,'Wolof'),
    (211.0,'Wu'),
    (212.0,'Wu'),
    (213.0,'Xhosa'),
    (214.0,'Xiang'),
    (215.0,'Xibe'),
    (216.0,'Yapese'),
    (217.0,'Yiddish'),
    (218.0,'Yoruba'),
    (219.0,'Yue'),
    (220.0,'Zhuang'),
    (221.0,'Zulu');

INSERT INTO city VALUES
    (1.0,'Stockholm',1515017.0,3.0,175.0),
    (2.0,'Göteborg',590580.0,3.0,175.0),
    (3.0,'Lund',91086.0,3.0,175.0),
    (4.0,'Sandviken',25577.0,3.0,175.0),
    (5.0,'Malmö',312012.0,3.0,175.0),
    (6.0,'Helsinki',643272.0,3.0,62.0),
    (7.0,'Tammerfors',231853.0,3.0,62.0),
    (8.0,'Åbo',189669.0,3.0,62.0),
    (9.0,'Vaasa',67392.0,3.0,62.0),
    (10.0,'Espoo',279044.0,3.0,62.0),
    (11.0,'Reykjavik',122198.0,3.0,62.0),
    (12.0,'Akureyri',18235.0,3.0,80.0),
    (13.0,'Keflavik',8169.0,3.0,80.0),
    (14.0,'Selfoss',6934.0,3.0,80.0),
    (15.0,'Húsavík',2196.0,3.0,80.0),
    (16.0,'Copenhagen',602481.0,3.0,49.0),
    (17.0,'Roskilde',50046.0,3.0,49.0),
    (18.0,'Fredrikshamn',24103.0,3.0,49.0),
    (19.0,'Vejle',54.862,3.0,49.0),
    (20.0,'Odense',200703.0,3.0,49.0),
    (21.0,'Oslo',634293.0,3.0,136.0),
    (22.0,'Bergen',271949.0,3.0,136.0),
    (23.0,'Trondheim',180557.0,3.0,136.0),
    (24.0,'Stavanger',220943.0,3.0,136.0),
    (25.0,'Kristiansand',89268.0,3.0,136.0),
    (26.0,'Berlin',3711930.0,3.0,67.0),
    (27.0,'Munchen',1456039.0,3.0,67.0),
    (28.0,'Leipzig',581980.0,3.0,67.0),
    (29.0,'Frankfurt',746878.0,3.0,67.0),
    (30.0,'Hamburg',1822445.0,3.0,67.0),
    (31.0,'Warszawa',1764615.0,3.0,146.0),
    (32.0,'Kraków',766739.0,3.0,146.0),
    (33.0,'Gdansk',463754.0,3.0,146.0),
    (34.0,'Wroclaw',639258.0,3.0,146.0),
    (35.0,'Poznan',551627.0,3.0,146.0),
    (36.0,'Brugge',118187.0,3.0,18.0),
    (37.0,'Antwerp',520504.0,3.0,18.0),
    (38.0,'Gent',259083.0,3.0,18.0),
    (39.0,'Liège',197885.0,3.0,18.0),
    (40.0,'Brüssels',1191604.0,3.0,18.0),
    (41.0,'Utrecht',489734.0,3.0,130.0),
    (42.0,'Hague',657894.0,3.0,130.0),
    (43.0,'Maastricht',277721.0,3.0,130.0),
    (44.0,'Rotterdam',1015215.0,3.0,130.0),
    (45.0,'Amsterdam',1351587.0,3.0,130.0),
    (46.0,'Bordeaux',250776.0,3.0,63.0),
    (47.0,'Lyon',506615.0,3.0,63.0),
    (48.0,'Brest',144548.0,3.0,63.0),
    (49.0,'Nice',343895.0,3.0,63.0),
    (50.0,'Paris',2206488.0,3.0,63.0),
    (51.0,'Vianden',1511.0,3.0,107.0),
    (52.0,'Wiltz',4567.0,3.0,107.0),
    (53.0,'Ettelbruck',8833.0,3.0,107.0),
    (54.0,'Echternach',4610.0,3.0,107.0),
    (55.0,'Luxembourg',602005.0,3.0,107.0),
    (56.0,'Sevilla',690566.0,3.0,172.0),
    (57.0,'Granada',234758.0,3.0,172.0),
    (58.0,'Barcelona',1620809.0,3.0,172.0),
    (59.0,'Valencia',790201.0,3.0,172.0),
    (60.0,'Madrid',3166000.0,3.0,172.0),
    (61.0,'Lisbon',505526.0,3.0,147.0),
    (62.0,'Porto',237591.0,3.0,147.0),
    (63.0,'Braga',192494.0,3.0,147.0),
    (64.0,'Coimbra',143396.0,3.0,147.0),
    (65.0,'Aveiro',78455.0,3.0,147.0),
    (66.0,'Schaan',5983.0,3.0,105.0),
    (67.0,'Vaduz',5450.0,3.0,105.0),
    (68.0,'Ruggell',2243.0,3.0,105.0),
    (69.0,'Eschen',4375.0,3.0,105.0),
    (70.0,'Balzers',4595.0,3.0,105.0),
    (71.0,'Vatican City',1000.0,3.0,76.0),
    (72.0,'London',8825493.0,3.0,193.0),
    (73.0,'Manchester',545582.0,3.0,193.0),
    (74.0,'Blackburn',117963.0,3.0,193.0),
    (75.0,'Edinburgh',482005.0,3.0,193.0),
    (76.0,'Glasgow',598830.0,3.0,193.0),
    (77.0,'Kiev',2900920.0,3.0,191.0),
    (78.0,'Odessa',1016515.0,3.0,191.0),
    (79.0,'Lviv',727968.0,3.0,191.0),
    (80.0,'Kharkov',1419382.0,3.0,191.0),
    (81.0,'Donetsk',918536.0,3.0,191.0),
    (82.0,'Istanbul',15029231.0,3.0,187.0),
    (83.0,'Ankara',5445026.0,3.0,187.0),
    (84.0,'Izmir',3028323.0,3.0,187.0),
    (85.0,'Antalya',1203994.0,3.0,187.0),
    (86.0,'Konya',2161303.0,3.0,187.0),
    (87.0,'Zürich',409241.0,3.0,176.0),
    (88.0,'Basel',177275.0,3.0,176.0),
    (89.0,'Bern',133798.0,3.0,176.0),
    (90.0,'Genève',200548.0,3.0,176.0),
    (91.0,'Lucerne',81401.0,3.0,176.0),
    (92.0,'Bled',5932.0,3.0,166.0),
    (93.0,'Ljubljana',280310.0,3.0,166.0),
    (94.0,'Koper',25319.0,3.0,166.0),
    (95.0,'Maribor',94876.0,3.0,166.0),
    (96.0,'Celje',38079.0,3.0,166.0),
    (97.0,'Bratislava',429574.0,3.0,165.0),
    (98.0,'Poprad',51486.0,3.0,165.0),
    (99.0,'Nitra',77048.0,3.0,165.0),
    (100.0,'Bardejov',32587.0,3.0,165.0),
    (101.0,'Trnava',65382.0,3.0,165.0),
    (102.0,'Kraljevo',125448.0,3.0,160.0),
    (103.0,'Smederevo',108209.0,3.0,160.0),
    (104.0,'Subotica',141554.0,3.0,160.0),
    (105.0,'Novi Sad',341625.0,3.0,160.0),
    (106.0,'Belgrade',1659440.0,3.0,160.0),
    (107.0,'San Marino',4500.0,3.0,156.0),
    (108.0,'Serravalle',9258.0,3.0,156.0),
    (109.0,'Fiorentino',2510.0,3.0,156.0),
    (110.0,'Falciano',1000.0,3.0,156.0),
    (111.0,'Domagnano',3161.0,3.0,156.0),
    (112.0,'Moscow',12380664.0,3.0,150.0),
    (113.0,'Volgograd',1015586.0,3.0,150.0),
    (114.0,'Kazan',1231878.0,3.0,150.0),
    (115.0,'Saint Petersburg',5281579.0,3.0,150.0),
    (116.0,'Sochi',411524.0,3.0,150.0),
    (117.0,'Bucharest',1883425.0,3.0,149.0),
    (118.0,'Brasov',253200.0,3.0,149.0),
    (119.0,'Timisoara',319279.0,3.0,149.0),
    (120.0,'Sibiu',147245.0,3.0,149.0),
    (121.0,'Craiova',269506.0,3.0,149.0),
    (122.0,'Kotor',12583.0,3.0,124.0),
    (123.0,'Budva',13338.0,3.0,124.0),
    (124.0,'Podgorica',150977.0,3.0,124.0),
    (125.0,'Ulcinj',10828.0,3.0,124.0),
    (126.0,'Tivat',10149.0,3.0,124.0),
    (127.0,'Monaco',38695.0,3.0,122.0),
    (128.0,'Tiraspol',157293.0,3.0,121.0),
    (129.0,'Balti',125000.0,3.0,121.0),
    (130.0,'Orhei',24918.0,3.0,121.0),
    (131.0,'Bender',110175.0,3.0,121.0),
    (132.0,'Cahul',34492.0,3.0,121.0),
    (133.0,'Birkirkara',21676.0,3.0,115.0),
    (134.0,'Qormi',18230.0,3.0,115.0),
    (135.0,'Zejtun',11549.0,3.0,115.0),
    (136.0,'Naxxar',10378.0,3.0,115.0),
    (137.0,'Sliema',11318.0,3.0,115.0),
    (138.0,'Ohrid',42033.0,3.0,109.0),
    (139.0,'Skopje',467257.0,3.0,109.0),
    (140.0,'Tetovo',52915.0,3.0,109.0),
    (141.0,'Prilep',66246.0,3.0,109.0),
    (142.0,'Bitola',74550.0,3.0,109.0),
    (143.0,'Vilnius',574221.0,3.0,106.0),
    (144.0,'Kaunas',312120.0,3.0,106.0),
    (145.0,'Klaipeda',164310.0,3.0,106.0),
    (146.0,'Palanga',15474.0,3.0,106.0),
    (147.0,'Trakai',5373.0,3.0,106.0),
    (148.0,'Riga',701064.0,3.0,100.0),
    (149.0,'Daugavpils',92776.0,3.0,100.0),
    (150.0,'Liepaja',76604.0,3.0,100.0),
    (151.0,'Valmiera',24856.0,3.0,100.0),
    (152.0,'Jelgava',61162.0,3.0,100.0),
    (153.0,'Pristina',145149.0,3.0,96.0),
    (154.0,'Pejë',48962.0,3.0,96.0),
    (155.0,'Ferizaj',42628.0,3.0,96.0),
    (156.0,'Gjilani',54239.0,3.0,96.0),
    (157.0,'Gjakovê',40827.0,3.0,96.0),
    (158.0,'Aktau',180373.0,3.0,91.0),
    (159.0,'Balqash',86897.0,3.0,91.0),
    (160.0,'Semey',312136.0,3.0,91.0),
    (161.0,'Zhanaozen',60796.0,3.0,91.0),
    (162.0,'Taraz',398233.0,3.0,91.0),
    (163.0,'Rome',2648843.0,3.0,87.0),
    (164.0,'Perugia',152379.0,3.0,87.0),
    (165.0,'Novara',102327.0,3.0,87.0),
    (166.0,'Torino',921485.0,3.0,87.0),
    (167.0,'Cagliari',173564.0,3.0,87.0),
    (168.0,'Dublin',1024027.0,3.0,85.0),
    (169.0,'Dundalk',33428.0,3.0,85.0),
    (170.0,'Swords',36924.0,3.0,85.0),
    (171.0,'Limerick',90054.0,3.0,85.0),
    (172.0,'Drogheda',33441.0,3.0,85.0),
    (173.0,'Debrecen',204124.0,3.0,79.0),
    (174.0,'Miskolc',172637.0,3.0,79.0),
    (175.0,'Szeged',164883.0,3.0,79.0),
    (176.0,'Pecs',156649.0,3.0,79.0),
    (177.0,'Zuglo',138391.0,3.0,79.0),
    (178.0,'Athens',664046.0,3.0,69.0),
    (179.0,'Thessaloniki',354290.0,3.0,69.0),
    (180.0,'Piraeus',163688.0,3.0,69.0),
    (181.0,'Larisa',144651.0,3.0,69.0),
    (182.0,'Acharnes',99346.0,3.0,69.0),
    (183.0,'Tbilisi',1108717.0,3.0,66.0),
    (184.0,'Batumi',152839.0,3.0,66.0),
    (185.0,'Kaspi',13423.0,3.0,66.0),
    (186.0,'Zestafoni',20814.0,3.0,66.0),
    (187.0,'Gori',48143.0,3.0,66.0),
    (188.0,'Tallinn',449160.0,3.0,58.0),
    (189.0,'Keila',9861.0,3.0,58.0),
    (190.0,'Narva',57130.0,3.0,58.0),
    (191.0,'Tartu',96904.0,3.0,58.0),
    (192.0,'Haapsalu',10236.0,3.0,58.0),
    (193.0,'Prague',1313508.0,3.0,48.0),
    (194.0,'Kladno',67089.0,3.0,48.0),
    (195.0,'Liberec',102562.0,3.0,48.0),
    (196.0,'Brno',377440.0,3.0,48.0),
    (197.0,'Most',67089.0,3.0,48.0),
    (198.0,'Nicosia',200452.0,3.0,47.0),
    (199.0,'Kyrenia',26701.0,3.0,47.0),
    (200.0,'Limassol',154392.0,3.0,47.0),
    (201.0,'Tseri',5498.0,3.0,47.0),
    (202.0,'Larnaca',72391.0,3.0,47.0),
    (203.0,'Zagreb',688163.0,3.0,44.0),
    (204.0,'Zadar',71471.0,3.0,44.0),
    (205.0,'Split',167121.0,3.0,44.0),
    (206.0,'Pula',57460.0,3.0,44.0),
    (207.0,'Karlovac',46833.0,3.0,44.0),
    (208.0,'Shumen',80855.0,3.0,27.0),
    (209.0,'Haskovo',76397.0,3.0,27.0),
    (210.0,'Ruse',149642.0,3.0,27.0),
    (211.0,'Burgas',200271.0,3.0,27.0),
    (212.0,'Sofia',1204685.0,3.0,27.0),
    (213.0,'Minsk',1877604.0,3.0,17.0),
    (214.0,'Barysaw',148360.0,3.0,17.0),
    (215.0,'Vileyka',26646.0,3.0,17.0),
    (216.0,'Zhodzina',63139.0,3.0,17.0),
    (217.0,'Slutsk',61830.0,3.0,17.0),
    (218.0,'Sarajevo',475110.0,3.0,23.0),
    (219.0,'Doboj',71441.0,3.0,23.0),
    (220.0,'Zenica',110663.0,3.0,23.0),
    (221.0,'Tuzla',110979.0,3.0,23.0),
    (222.0,'Lukavac',44520.0,3.0,23.0),
    (223.0,'Baku',2225839.0,3.0,12.0),
    (224.0,'Mingachevir',102428.0,3.0,12.0),
    (225.0,'Shaki',67398.0,3.0,12.0),
    (226.0,'Ganja',752987.0,3.0,12.0),
    (227.0,'Shirvan',85293.0,3.0,12.0),
    (228.0,'Vienna',1840573.0,3.0,11.0),
    (229.0,'Steyr',38273.0,3.0,11.0),
    (230.0,'Graz',273838.0,3.0,11.0),
    (231.0,'Leonding',26934.0,3.0,11.0),
    (232.0,'Salzburg',148420.0,3.0,11.0),
    (233.0,'Yerevan',1073729.0,3.0,8.0),
    (234.0,'Gyumri',117700.0,3.0,8.0),
    (235.0,'Kapan',34912.0,3.0,8.0),
    (236.0,'Abovyan',36281.0,3.0,8.0),
    (237.0,'Vanadzor',82371.0,3.0,8.0),
    (238.0,'Ordino',3066.0,3.0,4.0),
    (239.0,'Andorra la Vella',20430.0,3.0,4.0),
    (240.0,'Encamp',11223.0,3.0,4.0),
    (241.0,'Canillo',3292.0,3.0,4.0),
    (242.0,'Escaldes',15853.0,3.0,4.0),
    (243.0,'Tirana',858295.0,3.0,2.0),
    (244.0,'Fier',85845.0,3.0,2.0),
    (245.0,'Kavajë',20192.0,3.0,2.0),
    (246.0,'Elbasan',126703.0,3.0,2.0),
    (247.0,'Berat',32606.0,3.0,2.0),
    (248.0,'Fez',1112072.0,1.0,125.0),
    (249.0,'Casablanca',3359818.0,1.0,125.0),
    (250.0,'Rabat',577827.0,1.0,125.0);
INSERT INTO city VALUES
    (251.0,'Mohammedia',208612.0,1.0,125.0),
    (252.0,'Qujda',494252.0,1.0,125.0),
    (253.0,'Cairo',7734614.0,1.0,54.0),
    (254.0,'Alexandria',3811516.0,1.0,54.0),
    (255.0,'Suez',488125.0,1.0,54.0),
    (256.0,'Qina',235362.0,1.0,54.0),
    (257.0,'Luxor',422407.0,1.0,54.0),
    (258.0,'Lagos',8048430.0,1.0,134.0),
    (259.0,'Benin City',1147188.0,1.0,134.0),
    (260.0,'Ife',509035.0,1.0,134.0),
    (261.0,'Oyo',428798.0,1.0,134.0),
    (262.0,'Bauchi',493810.0,1.0,134.0),
    (263.0,'São Paulo',12176866.0,6.0,25.0),
    (264.0,'Recife',1637834.0,6.0,25.0),
    (265.0,'Rio de Janeiro',6688927.0,6.0,25.0),
    (266.0,'Belem',1485732.0,6.0,25.0),
    (267.0,'Manaus',2145444.0,6.0,25.0),
    (268.0,'Shanghai',24500000.0,2.0,38.0),
    (269.0,'Guangzhou',19800654.0,2.0,38.0),
    (270.0,'Beijing',22500000.0,2.0,38.0),
    (271.0,'Nanjing',8216000.0,2.0,38.0),
    (272.0,'Xi''an',8627500.0,2.0,38.0),
    (273.0,'Bunbury',74478.0,5.0,10.0),
    (274.0,'Sydney',4741874.0,5.0,10.0),
    (275.0,'Melbourne',4677157.0,5.0,10.0),
    (276.0,'Perth',1315346.0,5.0,10.0),
    (277.0,'Newcastle',481183.0,5.0,10.0),
    (278.0,'Newcastle ',585.0,4.0,194.0),
    (279.0,'New York',8580015.0,4.0,194.0),
    (280.0,'Dallas',1359133.0,4.0,194.0),
    (281.0,'Phoenix',1679243.0,4.0,194.0),
    (282.0,'Los Angeles',4030668.0,4.0,194.0),
    (283.0,'Toronto',5429524.0,4.0,33.0),
    (284.0,'Vancouver',2264823.0,4.0,33.0),
    (285.0,'Montreal',3519595.0,4.0,33.0),
    (286.0,'Calgary',1237656.0,4.0,33.0),
    (287.0,'Quebec',705103.0,4.0,33.0),
    (288.0,'Mexico City',8851080.0,4.0,119.0),
    (289.0,'Tijuana',1300983.0,4.0,119.0),
    (290.0,'Playa Del Carmen',149923.0,4.0,119.0),
    (291.0,'Acapulco',673479.0,4.0,119.0),
    (292.0,'Veracruz',428323.0,4.0,119.0),
    (293.0,'Havana',2130081.0,4.0,45.0),
    (294.0,'Las Tunas',168645.0,4.0,45.0),
    (295.0,'Florida',53847.0,4.0,45.0),
    (296.0,'Colón',44520.0,4.0,45.0),
    (297.0,'Morón',53551.0,4.0,45.0),
    (298.0,'Panamá',1756781.0,4.0,141.0),
    (299.0,'Colón',241817.0,4.0,141.0),
    (300.0,'Bugaba',82930.0,4.0,141.0),
    (301.0,'La Pintada',29535.0,4.0,141.0),
    (302.0,'Chame',29746.0,4.0,141.0),
    (303.0,'Santo Domingo',2201941.0,4.0,52.0),
    (304.0,'San Cristobal',154040.0,4.0,52.0),
    (305.0,'Puerto Plata',146000.0,4.0,52.0),
    (306.0,'Bonao',73269.0,4.0,52.0),
    (307.0,'Azua',59139.0,4.0,52.0),
    (308.0,'San Jose',335007.0,4.0,42.0),
    (309.0,'Limon',63081.0,4.0,42.0),
    (310.0,'Aserri',25874.0,4.0,42.0),
    (311.0,'Patarra',23983.0,4.0,42.0),
    (312.0,'San Felipe',24985.0,4.0,42.0),
    (313.0,'Nuuk',17796.0,4.0,203.0),
    (314.0,'Sisimiut',5491.0,4.0,203.0),
    (315.0,'Qaqortoq',3093.0,4.0,203.0),
    (316.0,'Tasiilaq',2006.0,4.0,203.0),
    (317.0,'Paamiut',1355.0,4.0,203.0),
    (318.0,'San Juan',418140.0,4.0,204.0),
    (319.0,'Fajardo',34068.0,4.0,204.0),
    (320.0,'Catano',28093.0,4.0,204.0),
    (321.0,'Cayey',18494.0,4.0,204.0),
    (322.0,'Manati',16092.0,4.0,204.0),
    (323.0,'Guatemala City',942348.0,4.0,71.0),
    (324.0,'Chinautla',77071.0,4.0,71.0),
    (325.0,'Villa Nueva',301947.0,4.0,71.0),
    (326.0,'Chichicastenango',45549.0,4.0,71.0),
    (327.0,'Jalapa',39301.0,4.0,71.0),
    (328.0,'Choloma',139100.0,4.0,77.0),
    (329.0,'La Ceiba',130218.0,4.0,77.0),
    (330.0,'Tocoa',30785.0,4.0,77.0),
    (331.0,'Tegucigalpa',850848.0,4.0,77.0),
    (332.0,'Danli',44799.0,4.0,77.0),
    (333.0,'Managua',973087.0,4.0,132.0),
    (334.0,'Granada',89409.0,4.0,132.0),
    (335.0,'Ocotal',33928.0,4.0,132.0),
    (336.0,'Masaya',130113.0,4.0,132.0),
    (337.0,'Rivas',30293.0,4.0,132.0),
    (338.0,'Kingston',937700.0,4.0,88.0),
    (339.0,'Bog Walk',12873.0,4.0,88.0),
    (340.0,'Santa Cruz',8217.0,4.0,88.0),
    (341.0,'Linstead',20660.0,4.0,88.0),
    (342.0,'Portmore',102861.0,4.0,88.0),
    (343.0,'Nassau',227940.0,4.0,13.0),
    (344.0,'West End',12724.0,4.0,13.0),
    (345.0,'High Rock',3744.0,4.0,13.0),
    (346.0,'Duncan Town',70.0,4.0,13.0),
    (347.0,'Port Nelson',91.0,4.0,13.0),
    (348.0,'Port-au-Prince',1234742.0,4.0,75.0),
    (349.0,'Carrefour',442156.0,4.0,75.0),
    (350.0,'Okap',134815.0,4.0,75.0),
    (351.0,'Jeremie',97503.0,4.0,75.0),
    (352.0,'Grangwav',49288.0,4.0,75.0),
    (353.0,'Belize City',61461.0,4.0,19.0),
    (354.0,'Belmopan',13381.0,4.0,19.0),
    (355.0,'Corozal',9871.0,4.0,19.0),
    (356.0,'Punta Gorda',5205.0,4.0,19.0),
    (357.0,'Orange Walk',15298.0,4.0,19.0),
    (358.0,'San Salvador',525990.0,4.0,55.0),
    (359.0,'Santa Ana',176661.0,4.0,55.0),
    (360.0,'Apopa',112158.0,4.0,55.0),
    (361.0,'Delgado',71594.0,4.0,55.0),
    (362.0,'San Martin',39361.0,4.0,55.0),
    (363.0,'Oranjestad',29998.0,4.0,9.0),
    (364.0,'Bridgetown',98511.0,4.0,16.0),
    (365.0,'Holetown',1350.0,4.0,16.0),
    (366.0,'Greenhalt',623.0,4.0,16.0),
    (367.0,'Crane',935.0,4.0,16.0),
    (368.0,'Speightstown',3634.0,4.0,16.0),
    (369.0,'Hamilton',902.0,4.0,205.0),
    (370.0,'Willemstad',126731.0,4.0,46.0),
    (371.0,'Sint Michiel Liber',5138.0,4.0,46.0),
    (372.0,'Marigot',5700.0,4.0,206.0),
    (373.0,'Cul de Sac',8467.0,4.0,207.0),
    (374.0,'Lower Prince''s Quarter',8000.0,4.0,207.0),
    (375.0,'Koolbaai',6158.0,4.0,207.0),
    (376.0,'Philipsburg',1453.0,4.0,207.0),
    (377.0,'Kingstown',24518.0,4.0,154.0),
    (378.0,'Georgetown',1680.0,4.0,154.0),
    (379.0,'Biabou',1050.0,4.0,154.0),
    (380.0,'Dovers',525.0,4.0,154.0),
    (381.0,'Layou',140.0,4.0,154.0),
    (382.0,'Saint-Pierre',6245.0,4.0,208.0),
    (383.0,'Miquelon',1141.0,4.0,208.0),
    (384.0,'Brades',1000.0,4.0,209.0),
    (385.0,'St Croix',50601.0,4.0,210.0),
    (386.0,'Charlotte Amalie',20148.0,4.0,210.0),
    (387.0,'Cruz Bay',2743.0,4.0,210.0),
    (388.0,'Basseterre',12920.0,4.0,152.0),
    (389.0,'Fig Tree',2922.0,4.0,152.0),
    (390.0,'Saint Paul''s',2460.0,4.0,152.0),
    (391.0,'Trinity',1692.0,4.0,152.0),
    (392.0,'Cayon',788.0,4.0,152.0),
    (393.0,'Gustavia',5988.0,4.0,211.0),
    (394.0,'The Valley',2035.0,4.0,212.0),
    (395.0,'Blowing Point Village',942.0,4.0,212.0),
    (396.0,'Sandy Ground Village',274.0,4.0,212.0),
    (397.0,'Saint John''s',24226.0,4.0,6.0),
    (398.0,'Piggotts',1878.0,4.0,6.0),
    (399.0,'Parham',969.0,4.0,6.0),
    (400.0,'Falmouth',619.0,4.0,6.0),
    (401.0,'Bolands',1657.0,4.0,6.0),
    (402.0,'Roseau',16571.0,4.0,51.0),
    (403.0,'Portsmouth',3633.0,4.0,51.0),
    (404.0,'Colihaut',890.0,4.0,51.0),
    (405.0,'Rosalie',802.0,4.0,51.0),
    (406.0,'Wesley',1933.0,4.0,51.0),
    (407.0,'Saint George''s',7541.0,4.0,70.0),
    (408.0,'Gouyave',3378.0,4.0,70.0),
    (409.0,'Grenville',2476.0,4.0,70.0),
    (410.0,'Victoria',2256.0,4.0,70.0),
    (411.0,'Hillsborough',1000.0,4.0,70.0),
    (412.0,'Fort-de-France',89995.0,4.0,213.0),
    (413.0,'Le Robert',23814.0,4.0,213.0),
    (414.0,'Ducos',17394.0,4.0,213.0),
    (415.0,'Le Lorrain',8341.0,4.0,213.0),
    (416.0,'Le Marin',7943.0,4.0,213.0),
    (417.0,'Les Abymes',63058.0,4.0,214.0),
    (418.0,'Le Gosier',28698.0,4.0,214.0),
    (419.0,'Lamentin',14891.0,4.0,214.0),
    (420.0,'Petit-Canal',8554.0,4.0,214.0),
    (421.0,'Saint-Claude',10134.0,4.0,214.0),
    (422.0,'Georgetown',29370.0,4.0,215.0),
    (423.0,'West Bay',11269.0,4.0,215.0),
    (424.0,'Bodden Town',10341.0,4.0,215.0),
    (425.0,'East End',1639.0,4.0,215.0),
    (426.0,'North Side',1184.0,4.0,215.0),
    (427.0,'Castries',20154.0,4.0,153.0),
    (428.0,'Micoud',3406.0,4.0,153.0),
    (429.0,'Bisee',12980.0,4.0,153.0),
    (430.0,'Praslin',1906.0,4.0,153.0),
    (431.0,'Canaries',1862.0,4.0,153.0),
    (432.0,'Cockburn Town',3720.0,4.0,216.0),
    (433.0,'Cockburn Harbour',811.0,4.0,216.0),
    (434.0,'Buenos Aires',13076300.0,6.0,7.0),
    (435.0,'La Plata',694167.0,6.0,7.0),
    (436.0,'Salta',512686.0,6.0,7.0),
    (437.0,'Posadas',323739.0,6.0,7.0),
    (438.0,'Rosario',1173533.0,6.0,7.0),
    (439.0,'Bogota',7674366.0,6.0,39.0),
    (440.0,'Bello',392939.0,6.0,39.0),
    (441.0,'Neiva',352855.0,6.0,39.0),
    (442.0,'Soledad',342556.0,6.0,39.0),
    (443.0,'Cartagena',952024.0,6.0,39.0),
    (444.0,'Lima',7737002.0,6.0,144.0),
    (445.0,'Callao',813264.0,6.0,144.0),
    (446.0,'Piura',325466.0,6.0,144.0),
    (447.0,'Tacna',280098.0,6.0,144.0),
    (448.0,'Ica',246844.0,6.0,144.0),
    (449.0,'Santiago',4837295.0,6.0,37.0),
    (450.0,'Vina del Mar',294551.0,6.0,37.0),
    (451.0,'Talca',197479.0,6.0,37.0),
    (452.0,'Arica',185999.0,6.0,37.0),
    (453.0,'Calama',143084.0,6.0,37.0),
    (454.0,'Caracas',3015834.0,6.0,198.0),
    (455.0,'Maracay',1754256.0,6.0,198.0),
    (456.0,'Valencia',1385083.0,6.0,198.0),
    (457.0,'Ciudad Bolivar',338426.0,6.0,198.0),
    (458.0,'Maturin',410972.0,6.0,198.0),
    (459.0,'Montevideo',1270737.0,6.0,195.0),
    (460.0,'Salto',99823.0,6.0,195.0),
    (461.0,'Rivera',64631.0,6.0,195.0),
    (462.0,'Florida',32234.0,6.0,195.0),
    (463.0,'Pando',24047.0,6.0,195.0),
    (464.0,'Guayaquil',1952029.0,6.0,53.0),
    (465.0,'Milagro',133508.0,6.0,53.0),
    (466.0,'Tulcan',86498.0,6.0,53.0),
    (467.0,'Playas',30564.0,6.0,53.0),
    (468.0,'Macas',23687.0,6.0,53.0),
    (469.0,'Santa Cruz de la Sierra',1364389.0,6.0,22.0),
    (470.0,'La Paz',812799.0,6.0,22.0),
    (471.0,'Yacuiba',82803.0,6.0,22.0),
    (472.0,'Trinidad',84259.0,6.0,22.0),
    (473.0,'Camiri',27961.0,6.0,22.0),
    (474.0,'Asuncion',1482020.0,6.0,143.0),
    (475.0,'Capiata',198553.0,6.0,143.0),
    (476.0,'Villa Hayes',57217.0,6.0,143.0),
    (477.0,'Yaguaron',7181.0,6.0,143.0),
    (478.0,'Bella Vista',5653.0,6.0,143.0),
    (479.0,'Georgetown',235017.0,6.0,74.0),
    (480.0,'Linden',44690.0,6.0,74.0),
    (481.0,'Bartica',11157.0,6.0,74.0),
    (482.0,'Skeldon',5859.0,6.0,74.0),
    (483.0,'Lethem',716.0,6.0,74.0),
    (484.0,'Paramaribo',223757.0,6.0,234.0),
    (485.0,'Lelydorp',18223.0,6.0,234.0),
    (486.0,'Moengo',7074.0,6.0,234.0),
    (487.0,'Albina',3985.0,6.0,234.0),
    (488.0,'Totness',1685.0,6.0,234.0),
    (489.0,'Cayenne',61550.0,6.0,218.0),
    (490.0,'Matoury',26350.0,6.0,218.0),
    (491.0,'Kourou',24029.0,6.0,218.0),
    (492.0,'Mana',5885.0,6.0,218.0),
    (493.0,'Macouria',8773.0,6.0,218.0),
    (494.0,'Stanley',2213.0,6.0,217.0),
    (495.0,'Chaguanas',67433.0,4.0,185.0),
    (496.0,'Mon Repos',56380.0,4.0,185.0),
    (497.0,'Port of Spain',49031.0,4.0,185.0),
    (498.0,'Tunapuna',17758.0,4.0,185.0),
    (499.0,'Laventille',21000.0,4.0,185.0),
    (500.0,'Cape Town',3433441.0,1.0,169.0);
INSERT INTO city VALUES
    (501.0,'Johannesburg',2026469.0,1.0,169.0),
    (502.0,'Welkom',431944.0,1.0,169.0),
    (503.0,'Retreat',32289.0,1.0,169.0),
    (504.0,'Midstream',25000.0,1.0,169.0),
    (505.0,'Kisumu',216479.0,1.0,92.0),
    (506.0,'Wajir',45771.0,1.0,92.0),
    (507.0,'Thika',200000.0,1.0,92.0),
    (508.0,'Busia',51981.0,1.0,92.0),
    (509.0,'Voi',45483.0,1.0,92.0),
    (510.0,'Accra',1963264.0,1.0,68.0),
    (511.0,'Wa',78107.0,1.0,68.0),
    (512.0,'Ejura',70807.0,1.0,68.0),
    (513.0,'Axim',24500.0,1.0,68.0),
    (514.0,'Kibi',9399.0,1.0,68.0),
    (515.0,'Dakar',2476400.0,1.0,159.0),
    (516.0,'Kanel',10165.0,1.0,159.0),
    (517.0,'Golere',5461.0,1.0,159.0),
    (518.0,'Sokone',11680.0,1.0,159.0),
    (519.0,'Kaffrine',28396.0,1.0,159.0),
    (520.0,'Addis Ababa',2757729.0,1.0,60.0),
    (521.0,'Jimma',128306.0,1.0,60.0),
    (522.0,'Robit',20679.0,1.0,60.0),
    (523.0,'Ginir',16757.0,1.0,60.0),
    (524.0,'Bonga',18973.0,1.0,60.0),
    (525.0,'Kinshasa',7785965.0,1.0,170.0),
    (526.0,'Likasi',422414.0,1.0,170.0),
    (527.0,'Boende',32091.0,1.0,170.0),
    (528.0,'Bondo',17860.0,1.0,170.0),
    (529.0,'Kampene',37034.0,1.0,170.0),
    (530.0,'Dar es Salaam',2698652.0,1.0,180.0),
    (531.0,'Kilosa',91889.0,1.0,180.0),
    (532.0,'Lindi',41912.0,1.0,180.0),
    (533.0,'Ilula',29193.0,1.0,180.0),
    (534.0,'Wete',26450.0,1.0,180.0),
    (535.0,'Algiers',1977663.0,1.0,3.0),
    (536.0,'Oran',645984.0,1.0,3.0),
    (537.0,'Ech Chettia',167955.0,1.0,3.0),
    (538.0,'El Qued',134699.0,1.0,3.0),
    (539.0,'Baraki',105402.0,1.0,3.0),
    (540.0,'Tunis',693210.0,1.0,186.0),
    (541.0,'Sfax',277278.0,1.0,186.0),
    (542.0,'Skanes',64222.0,1.0,186.0),
    (543.0,'Zarzis',79316.0,1.0,186.0),
    (544.0,'El hamma',62000.0,1.0,186.0),
    (545.0,'Gulu',146858.0,1.0,190.0),
    (546.0,'Arua',55585.0,1.0,190.0),
    (547.0,'Lira',119323.0,1.0,190.0),
    (548.0,'Kitgum',56891.0,1.0,190.0),
    (549.0,'Busia',43200.0,1.0,190.0),
    (550.0,'Norton',52054.0,1.0,202.0),
    (551.0,'Hwange',33210.0,1.0,202.0),
    (552.0,'Lupane',1200.0,1.0,202.0),
    (553.0,'Glendale',9768.0,1.0,202.0),
    (554.0,'Banket',9641.0,1.0,202.0),
    (555.0,'Douala',1338082.0,1.0,32.0),
    (556.0,'Yaounde',1299369.0,1.0,32.0),
    (557.0,'Guider',84647.0,1.0,32.0),
    (558.0,'Foumbot',84065.0,1.0,32.0),
    (559.0,'Wum',68863.0,1.0,32.0),
    (560.0,'Bamako',1297281.0,1.0,114.0),
    (561.0,'Timbuktu',32460.0,1.0,114.0),
    (562.0,'Yorosso',17447.0,1.0,114.0),
    (563.0,'Dire',10943.0,1.0,114.0),
    (564.0,'Inekar',8714.0,1.0,114.0),
    (565.0,'Antananarivo',1391433.0,1.0,110.0),
    (566.0,'Ambatondrazaka',43134.0,1.0,110.0),
    (567.0,'Ikongo',32374.0,1.0,110.0),
    (568.0,'Vohipaho',27000.0,1.0,110.0),
    (569.0,'Farafangana',24764.0,1.0,110.0),
    (570.0,'Abidjan',3677115.0,1.0,43.0),
    (571.0,'Man',139341.0,1.0,43.0),
    (572.0,'San-Pedro',196751.0,1.0,43.0),
    (573.0,'Divo',127867.0,1.0,43.0),
    (574.0,'Gagnoa',123184.0,1.0,43.0),
    (575.0,'Khartoum',1974647.0,1.0,174.0),
    (576.0,'Geneina',162981.0,1.0,174.0),
    (577.0,'Wad az Zaki',9271.0,1.0,174.0),
    (578.0,'Kurmuk',10375.0,1.0,174.0),
    (579.0,'Talodi',13188.0,1.0,174.0),
    (580.0,'Kigali',745261.0,1.0,151.0),
    (581.0,'Butare',89600.0,1.0,151.0),
    (582.0,'Nzega',33832.0,1.0,151.0),
    (583.0,'Gisenyi',83623.0,1.0,151.0),
    (584.0,'Kibungo',48024.0,1.0,151.0),
    (585.0,'Caxito',28224.0,1.0,5.0),
    (586.0,'Luena',21115.0,1.0,5.0),
    (587.0,'Leua',5168.0,1.0,5.0),
    (588.0,'Uige',60008.0,1.0,5.0),
    (589.0,'Luanda',2776168.0,1.0,5.0),
    (590.0,'Rehoboth',21377.0,1.0,127.0),
    (591.0,'Bethanie',10363.0,1.0,127.0),
    (592.0,'Warmbad',6700.0,1.0,127.0),
    (593.0,'Usakos',9147.0,1.0,127.0),
    (594.0,'Windhoek',268132.0,1.0,127.0),
    (595.0,'Beau Vallon',7016.0,1.0,118.0),
    (596.0,'Piton',5909.0,1.0,118.0),
    (597.0,'Cargados Carajos',63.0,1.0,118.0),
    (598.0,'Triolet',23269.0,1.0,118.0),
    (599.0,'Port Louis',155226.0,1.0,118.0),
    (600.0,'Praia',113364.0,1.0,34.0),
    (601.0,'Picos',3778.0,1.0,34.0),
    (602.0,'Vilo do Maio',3009.0,1.0,34.0),
    (603.0,'Pombas',1818.0,1.0,34.0),
    (604.0,'Tarrafal',6463.0,1.0,34.0),
    (605.0,'Mogadishu',2587183.0,1.0,168.0),
    (606.0,'Jawhar',47086.0,1.0,168.0),
    (607.0,'Jilib',43694.0,1.0,168.0),
    (608.0,'Hobyo',12564.0,1.0,168.0),
    (609.0,'Waajid',6666.0,1.0,168.0),
    (610.0,'Lusaka',1267440.0,1.0,201.0),
    (611.0,'Monze',30257.0,1.0,201.0),
    (612.0,'Chingola',148564.0,1.0,201.0),
    (613.0,'Isoka',13122.0,1.0,201.0),
    (614.0,'Lundazi',11635.0,1.0,201.0),
    (615.0,'Maputo',1191613.0,1.0,126.0),
    (616.0,'Tete',129316.0,1.0,126.0),
    (617.0,'Xai-Xai',127366.0,1.0,126.0),
    (618.0,'Inhambane',73884.0,1.0,126.0),
    (619.0,'Macia',23156.0,1.0,126.0),
    (620.0,'Tripoli',1150989.0,1.0,104.0),
    (621.0,'Darnah',78782.0,1.0,104.0),
    (622.0,'Idri',4611.0,1.0,104.0),
    (623.0,'Ghat',24347.0,1.0,104.0),
    (624.0,'Nalut',26256.0,1.0,104.0),
    (625.0,'Camayenne',1871242.0,1.0,72.0),
    (626.0,'Mali',5479.0,1.0,72.0),
    (627.0,'Beyla',11566.0,1.0,72.0),
    (628.0,'Youkounkoun',7952.0,1.0,72.0),
    (629.0,'Tondon',12235.0,1.0,72.0),
    (630.0,'Rumphi',20727.0,1.0,111.0),
    (631.0,'Mchinji',18305.0,1.0,111.0),
    (632.0,'Dedza',15608.0,1.0,111.0),
    (633.0,'Zomba',80932.0,1.0,111.0),
    (634.0,'Lilongwe',646750.0,1.0,111.0),
    (635.0,'Gaborone',208411.0,1.0,24.0),
    (636.0,'Janeng',16853.0,1.0,24.0),
    (637.0,'Tonota',17759.0,1.0,24.0),
    (638.0,'Rakops',5222.0,1.0,24.0),
    (639.0,'Otse',6275.0,1.0,24.0),
    (640.0,'Cotonou',780000.0,1.0,20.0),
    (641.0,'Lokossa',86971.0,1.0,20.0),
    (642.0,'Save',75970.0,1.0,20.0),
    (643.0,'Guilmaro',6516.0,1.0,20.0),
    (644.0,'Bassila',23616.0,1.0,20.0),
    (645.0,'Victoria',22881.0,1.0,161.0),
    (646.0,'Cascade',4088.0,1.0,161.0),
    (647.0,'Port Glaud',2174.0,1.0,161.0),
    (648.0,'Beau Vallon',4142.0,1.0,161.0),
    (649.0,'Anse Boileau',4183.0,1.0,161.0),
    (650.0,'Lome',749700.0,1.0,183.0),
    (651.0,'Pagouda',7686.0,1.0,183.0),
    (652.0,'Aneho',47579.0,1.0,183.0),
    (653.0,'Bafilo',22543.0,1.0,183.0),
    (654.0,'Kara',104207.0,1.0,183.0),
    (655.0,'Reo',37535.0,1.0,28.0),
    (656.0,'Ouagadoudou',1086505.0,1.0,28.0),
    (657.0,'Banfora',60288.0,1.0,28.0),
    (658.0,'Hounde',36593.0,1.0,28.0),
    (659.0,'Gaoua',25104.0,1.0,28.0),
    (660.0,'Moanda',30151.0,1.0,64.0),
    (661.0,'Lambarene',20714.0,1.0,64.0),
    (662.0,'Ntoum',8569.0,1.0,64.0),
    (663.0,'Oyem',30870.0,1.0,64.0),
    (664.0,'Libreville',578156.0,1.0,64.0),
    (665.0,'Barclayville',2733.0,1.0,103.0),
    (666.0,'Harper',32661.0,1.0,103.0),
    (667.0,'Greenville',16434.0,1.0,103.0),
    (668.0,'Fish Town',3328.0,1.0,103.0),
    (669.0,'Monrovia',939524.0,1.0,103.0),
    (670.0,'Asmara',563930.0,1.0,57.0),
    (671.0,'Edd',11259.0,1.0,57.0),
    (672.0,'Assab',21300.0,1.0,57.0),
    (673.0,'Adi Keyh',13061.0,1.0,57.0),
    (674.0,'Ak''ordat',8857.0,1.0,57.0),
    (675.0,'Niamey',774235.0,1.0,133.0),
    (676.0,'Ayorou',26290.0,1.0,133.0),
    (677.0,'Filingue',11677.0,1.0,133.0),
    (678.0,'Ouallam',7501.0,1.0,133.0),
    (679.0,'Bouza',7141.0,1.0,133.0),
    (680.0,'Bere',14666.0,1.0,36.0),
    (681.0,'Goz Beida',1000.0,1.0,36.0),
    (682.0,'Lai',19382.0,1.0,36.0),
    (683.0,'Fada',23786.0,1.0,36.0),
    (684.0,'N''Djamena',721081.0,1.0,36.0),
    (685.0,'Soma',9869.0,1.0,65.0),
    (686.0,'Serekunda',340000.0,1.0,65.0),
    (687.0,'Essau',5907.0,1.0,65.0),
    (688.0,'Gunjur',14088.0,1.0,65.0),
    (689.0,'Lamin',24797.0,1.0,65.0),
    (690.0,'Carnot',38071.0,1.0,35.0),
    (691.0,'Birao',10178.0,1.0,35.0),
    (692.0,'Oudda',5434.0,1.0,35.0),
    (693.0,'Bangui',542393.0,1.0,35.0),
    (694.0,'Ippy',16571.0,1.0,35.0),
    (695.0,'Nouakchott',661400.0,1.0,117.0),
    (696.0,'Nemi',60000.0,1.0,117.0),
    (697.0,'Aioun',12635.0,1.0,117.0),
    (698.0,'Rosso',48922.0,1.0,117.0),
    (699.0,'Kiffa',40281.0,1.0,117.0),
    (700.0,'Manzini',110537.0,1.0,219.0),
    (701.0,'Big Bend',10342.0,1.0,219.0),
    (702.0,'Hluti',6763.0,1.0,219.0),
    (703.0,'Siteki',6152.0,1.0,219.0),
    (704.0,'Piggs Peak',5750.0,1.0,219.0),
    (705.0,'Djibouti',623891.0,1.0,50.0),
    (706.0,'Danan',40074.0,1.0,50.0),
    (707.0,'Obock',17776.0,1.0,50.0),
    (708.0,'Dikhil',12043.0,1.0,50.0),
    (709.0,'Tadjoura',22193.0,1.0,50.0),
    (710.0,'Freetown',802639.0,1.0,162.0),
    (711.0,'Waterloo',19750.0,1.0,162.0),
    (712.0,'Binkolo',13867.0,1.0,162.0),
    (713.0,'Yengema',11221.0,1.0,162.0),
    (714.0,'Daru',5958.0,1.0,162.0),
    (715.0,'Bujumbura',331751.0,1.0,30.0),
    (716.0,'Ruyigi',38458.0,1.0,30.0),
    (717.0,'Ngozi',21506.0,1.0,30.0),
    (718.0,'Mwaro',4924.0,1.0,30.0),
    (719.0,'Kayanza',19443.0,1.0,30.0),
    (720.0,'Gogrial',38572.0,1.0,171.0),
    (721.0,'Torit',20048.0,1.0,171.0),
    (722.0,'Tambura',9483.0,1.0,171.0),
    (723.0,'Wau',127384.0,1.0,171.0),
    (724.0,'Juba',450000.0,1.0,171.0),
    (725.0,'Mafeteng',57059.0,1.0,102.0),
    (726.0,'Leribe',47675.0,1.0,102.0),
    (727.0,'Nako',13146.0,1.0,102.0),
    (728.0,'Butha-Buthe',16330.0,1.0,102.0),
    (729.0,'Maseru',118355.0,1.0,102.0),
    (730.0,'Cilaos',6225.0,1.0,220.0),
    (731.0,'Le Tampon',69986.0,1.0,220.0),
    (732.0,'Salazie',7696.0,1.0,220.0),
    (733.0,'Le Port',40771.0,1.0,220.0),
    (734.0,'Saint-Denis',137195.0,1.0,220.0),
    (735.0,'Mbeni',6516.0,1.0,40.0),
    (736.0,'Chandra',5645.0,1.0,40.0),
    (737.0,'Quani',10179.0,1.0,40.0),
    (738.0,'Domoni',14509.0,1.0,40.0),
    (739.0,'Moroni',42872.0,1.0,40.0),
    (740.0,'Kayes',58737.0,1.0,41.0),
    (741.0,'Quesso',23915.0,1.0,41.0),
    (742.0,'Gamboma',20877.0,1.0,41.0),
    (743.0,'Dolisie',103894.0,1.0,41.0),
    (744.0,'Brazzaville',1284609.0,1.0,41.0),
    (745.0,'Tokyo',8336599.0,2.0,89.0),
    (746.0,'Yokohama',3574443.0,2.0,89.0),
    (747.0,'Kyoto',1459640.0,2.0,89.0),
    (748.0,'Hiroshima',1143841.0,2.0,89.0),
    (749.0,'Kumamoto',680423.0,2.0,89.0),
    (750.0,'Mumbai',12691836.0,2.0,81.0);
INSERT INTO city VALUES
    (751.0,'Lucknow',2472011.0,2.0,81.0),
    (752.0,'Pune',2935744.0,2.0,81.0),
    (753.0,'Delhi',10927986.0,2.0,81.0),
    (754.0,'Patna',1599920.0,2.0,81.0),
    (755.0,'Jakarta',8540121.0,2.0,82.0),
    (756.0,'Depok',1198129.0,2.0,82.0),
    (757.0,'Yogyakarta',636660.0,2.0,82.0),
    (758.0,'Bogor',800000.0,2.0,82.0),
    (759.0,'Makassar',1321717.0,2.0,82.0),
    (760.0,'Bangkok',5104476.0,2.0,181.0),
    (761.0,'Hat Yai',191696.0,2.0,181.0),
    (762.0,'Rayong',106737.0,2.0,181.0),
    (763.0,'Udon Thani',247231.0,2.0,181.0),
    (764.0,'Surat Thani',127201.0,2.0,181.0),
    (765.0,'Ho Chi Minh City',3467331.0,2.0,199.0),
    (766.0,'Hue',287217.0,2.0,199.0),
    (767.0,'Bao Loc',151915.0,2.0,199.0),
    (768.0,'Vinh',163759.0,2.0,199.0),
    (769.0,'Bien Hoa',407208.0,2.0,199.0),
    (770.0,'Singapore',3547809.0,2.0,163.0),
    (771.0,'Quezon City',2761720.0,2.0,145.0),
    (772.0,'Manila',1600000.0,2.0,145.0),
    (773.0,'General Santos',679588.0,2.0,145.0),
    (774.0,'Iligan',342618.0,2.0,145.0),
    (775.0,'Butuan',309709.0,2.0,145.0),
    (776.0,'Kuala Lumpor',1453975.0,2.0,112.0),
    (777.0,'Shah Alam',481654.0,2.0,112.0),
    (778.0,'Miri',228212.0,2.0,112.0),
    (779.0,'Kulim',170889.0,2.0,112.0),
    (780.0,'Rawang',120447.0,2.0,112.0),
    (781.0,'Karachi',11624219.0,2.0,138.0),
    (782.0,'Hyderabad',1386330.0,2.0,138.0),
    (783.0,'Kotli',640254.0,2.0,138.0),
    (784.0,'Sukkur',417767.0,2.0,138.0),
    (785.0,'Peshawar',1218773.0,2.0,138.0),
    (786.0,'Tehran',7153309.0,2.0,83.0),
    (787.0,'Kahriz',766706.0,2.0,83.0),
    (788.0,'Arak',503647.0,2.0,83.0),
    (789.0,'Shiraz',1249942.0,2.0,83.0),
    (790.0,'Hamadan',528256.0,2.0,83.0),
    (791.0,'Hong Kong',7012738.0,2.0,78.0),
    (792.0,'Kowloon',2019533.0,2.0,78.0),
    (793.0,'Tung Chung',45487.0,2.0,78.0),
    (794.0,'Sai Kung',11927.0,2.0,78.0),
    (795.0,'Tsuen Wan',288728.0,2.0,78.0),
    (796.0,'Mecca',1323624.0,2.0,158.0),
    (797.0,'Tabuk',455450.0,2.0,158.0),
    (798.0,'Najran',258573.0,2.0,158.0),
    (799.0,'Riyadh',4205961.0,2.0,158.0),
    (800.0,'Abha',210886.0,2.0,158.0),
    (801.0,'Jerusalem',801456.0,2.0,86.0),
    (802.0,'Tel Aviv',432892.0,2.0,86.0),
    (803.0,'Holon',165787.0,2.0,86.0),
    (804.0,'Ashkelon',105995.0,2.0,86.0),
    (805.0,'Herzliya',83600.0,2.0,86.0),
    (806.0,'Yangon',4477638.0,2.0,29.0),
    (807.0,'Bago',244376.0,2.0,29.0),
    (808.0,'Pyay',135308.0,2.0,29.0),
    (809.0,'Sittwe',177743.0,2.0,29.0),
    (810.0,'Mandalay',1208099.0,2.0,29.0),
    (811.0,'Colombo',648034.0,2.0,173.0),
    (812.0,'Jaffna',169102.0,2.0,173.0),
    (813.0,'Galle',93118.0,2.0,173.0),
    (814.0,'Matara',76254.0,2.0,173.0),
    (815.0,'Pita Kotte',118179.0,2.0,173.0),
    (816.0,'Phnom Penh',1573544.0,2.0,31.0),
    (817.0,'Pursat',61750.0,2.0,31.0),
    (818.0,'Suong',30248.0,2.0,31.0),
    (819.0,'Pailin',17850.0,2.0,31.0),
    (820.0,'Kratie',19975.0,2.0,31.0),
    (821.0,'Natore',369138.0,2.0,15.0),
    (822.0,'Comilla',389411.0,2.0,15.0),
    (823.0,'Bogra',210548.0,2.0,15.0),
    (824.0,'Tungi',337579.0,2.0,15.0),
    (825.0,'Dhaka',10356500.0,2.0,15.0),
    (826.0,'Daxi',84549.0,2.0,178.0),
    (827.0,'Magong',56435.0,2.0,178.0),
    (828.0,'Jincheng',37507.0,2.0,178.0),
    (829.0,'Taipei',7871901.0,2.0,178.0),
    (830.0,'Tainan',771235.0,2.0,178.0),
    (831.0,'Yabrud',40502.0,2.0,177.0),
    (832.0,'Manbij',68888.0,2.0,177.0),
    (833.0,'Jablah',65915.0,2.0,177.0),
    (834.0,'Damascus',1569394.0,2.0,177.0),
    (835.0,'Aleppo',1602264.0,2.0,177.0),
    (836.0,'Baghdad',7216548.0,2.0,84.0),
    (837.0,'Kirkuk',601433.0,2.0,84.0),
    (838.0,'Dihok',284048.0,2.0,84.0),
    (839.0,'Erbil',932800.0,2.0,84.0),
    (840.0,'Al Kut',315162.0,2.0,84.0),
    (841.0,'Viligili',2925.0,2.0,113.0),
    (842.0,'Muli',1008.0,2.0,113.0),
    (843.0,'Fonadhoo',1773.0,2.0,113.0),
    (844.0,'Male',103693.0,2.0,113.0),
    (845.0,'Naifaru',5044.0,2.0,113.0),
    (846.0,'Al Wukayr',5146.0,2.0,148.0),
    (847.0,'Al Khawr',18923.0,2.0,148.0),
    (848.0,'Dukhan',7250.0,2.0,148.0),
    (849.0,'Ar Rayyan',272465.0,2.0,148.0),
    (850.0,'Doha',344939.0,2.0,148.0),
    (851.0,'Vientiane',196731.0,2.0,99.0),
    (852.0,'Thakhek',85487.0,2.0,99.0),
    (853.0,'Salavan',5521.0,2.0,99.0),
    (854.0,'Lamam',4463.0,2.0,99.0),
    (855.0,'Pakse',88332.0,2.0,99.0),
    (856.0,'Pyongyang',3222000.0,2.0,94.0),
    (857.0,'Kaesong',338155.0,2.0,94.0),
    (858.0,'Hyesan',192680.0,2.0,94.0),
    (859.0,'Rajin',66224.0,2.0,94.0),
    (860.0,'Wonsan',329207.0,2.0,94.0),
    (861.0,'Khost',96123.0,2.0,1.0),
    (862.0,'Balkh',114883.0,2.0,1.0),
    (863.0,'Bazarak',65487.0,2.0,1.0),
    (864.0,'Jalalabad',200331.0,2.0,1.0),
    (865.0,'Kabul',3043532.0,2.0,1.0),
    (866.0,'Kathmandu',1442271.0,2.0,129.0),
    (867.0,'Triyuga',71405.0,2.0,129.0),
    (868.0,'Gulariya',53107.0,2.0,129.0),
    (869.0,'Patan',183310.0,2.0,129.0),
    (870.0,'Hetauda',84775.0,2.0,129.0),
    (871.0,'Altai',15876.0,2.0,123.0),
    (872.0,'Bulgan',17348.0,2.0,123.0),
    (873.0,'Darhan',74300.0,2.0,123.0),
    (874.0,'Hovd',27924.0,2.0,123.0),
    (875.0,'Ulan Bator',844818.0,2.0,123.0),
    (876.0,'Dubai',1137347.0,2.0,192.0),
    (877.0,'Al Ain',408733.0,2.0,192.0),
    (878.0,'Khawr Fakkan',33575.0,2.0,192.0),
    (879.0,'Sharjah',543733.0,2.0,192.0),
    (880.0,'Abu Dhabi',603492.0,2.0,192.0),
    (881.0,'Sanaa',1937451.0,2.0,200.0),
    (882.0,'Zabid',53590.0,2.0,200.0),
    (883.0,'Yarim',33050.0,2.0,200.0),
    (884.0,'Sahar',31859.0,2.0,200.0),
    (885.0,'Ibb',234837.0,2.0,200.0),
    (886.0,'Tashkent',1978028.0,2.0,196.0),
    (887.0,'Andijon',318419.0,2.0,196.0),
    (888.0,'Tirmiz',140385.0,2.0,196.0),
    (889.0,'Nukus',230006.0,2.0,196.0),
    (890.0,'Olmaliq',121207.0,2.0,196.0),
    (891.0,'Macau',520448.0,2.0,108.0),
    (892.0,'Yerevan',1093485.0,2.0,8.0),
    (893.0,'Gyumri',148381.0,2.0,8.0),
    (894.0,'Kapan',33160.0,2.0,8.0),
    (895.0,'Sevan',17083.0,2.0,8.0),
    (896.0,'Ararat',28832.0,2.0,8.0),
    (897.0,'Beirut',1916100.0,2.0,101.0),
    (898.0,'Tripoli',229398.0,2.0,101.0),
    (899.0,'Tyre',135204.0,2.0,101.0),
    (900.0,'Zahle',78145.0,2.0,101.0),
    (901.0,'Sidon',163554.0,2.0,101.0),
    (902.0,'Bandar Seri Begawan',64409.0,2.0,26.0),
    (903.0,'Kuala Belait',31178.0,2.0,26.0),
    (904.0,'Seria',30097.0,2.0,26.0),
    (905.0,'Tutong',19151.0,2.0,26.0),
    (906.0,'Bangar',3970.0,2.0,26.0),
    (907.0,'Muscat',797054.0,2.0,137.0),
    (908.0,'Seeb',237816.0,2.0,137.0),
    (909.0,'Nizwa',72076.0,2.0,137.0),
    (910.0,'Izki',36203.0,2.0,137.0),
    (911.0,'Bidbid',21188.0,2.0,137.0),
    (912.0,'Manama',147074.0,2.0,14.0),
    (913.0,'Dar Kulayb',65466.0,2.0,14.0),
    (914.0,'Al Hadd',12797.0,2.0,14.0),
    (915.0,'Al Muharraq',97458.0,2.0,14.0),
    (916.0,'Sitrah',37657.0,2.0,14.0),
    (917.0,'Amman',1275857.0,2.0,90.0),
    (918.0,'Zarqa',792665.0,2.0,90.0),
    (919.0,'Sahab',40241.0,2.0,90.0),
    (920.0,'Jarash',27048.0,2.0,90.0),
    (921.0,'Rukban',85487.0,2.0,90.0),
    (922.0,'Al Ahmadi',637411.0,2.0,97.0),
    (923.0,'Hawalli',164212.0,2.0,97.0),
    (924.0,'Kuwait City',60064.0,2.0,97.0),
    (925.0,'Bayan',30635.0,2.0,97.0),
    (926.0,'Az Zawr',5750.0,2.0,97.0),
    (927.0,'Bishkek',750327.0,2.0,98.0),
    (928.0,'Osh',208520.0,2.0,98.0),
    (929.0,'Karakol',64322.0,2.0,98.0),
    (930.0,'Naryn',40050.0,2.0,98.0),
    (931.0,'Uzgen',41497.0,2.0,98.0),
    (932.0,'Timphu',98676.0,2.0,21.0),
    (933.0,'Samtse',5479.0,2.0,21.0),
    (934.0,'Ha',1449.0,2.0,21.0),
    (935.0,'Trongsa',2805.0,2.0,21.0),
    (936.0,'Sarpang',10416.0,2.0,21.0),
    (937.0,'Ashgabat',727754.0,2.0,188.0),
    (938.0,'Mary',114680.0,2.0,188.0),
    (939.0,'Annau',27526.0,2.0,188.0),
    (940.0,'Baharly',22991.0,2.0,188.0),
    (941.0,'Tejen',67294.0,2.0,188.0),
    (942.0,'Dushanbe',679424.0,2.0,179.0),
    (943.0,'Kulob',78786.0,2.0,179.0),
    (944.0,'Isfara',37738.0,2.0,179.0),
    (945.0,'Vose',21736.0,2.0,179.0),
    (946.0,'Konibodom',50359.0,2.0,179.0),
    (947.0,'East Jerusalem',428304.0,2.0,140.0),
    (948.0,'Gaza',410000.0,2.0,140.0),
    (949.0,'Rafah',126305.0,2.0,140.0),
    (950.0,'Janin',34730.0,2.0,140.0),
    (951.0,'Tulkarm',44169.0,2.0,140.0),
    (952.0,'Dili',150487.0,2.0,182.0),
    (953.0,'Same',25849.0,2.0,182.0),
    (954.0,'Baucau',16875.0,2.0,182.0),
    (955.0,'Gleno',8133.0,2.0,182.0),
    (956.0,'Viqueque',6078.0,2.0,182.0),
    (957.0,'Flying Fish Cove',2200.0,2.0,59.0),
    (958.0,'West Island',544.0,2.0,222.0),
    (959.0,'Auckland',417910.0,5.0,131.0),
    (960.0,'Wellington',381900.0,5.0,131.0),
    (961.0,'Christchurch',363926.0,5.0,131.0),
    (962.0,'Dunedin',114347.0,5.0,131.0),
    (963.0,'Lower Hutt',101194.0,5.0,131.0),
    (964.0,'Suva',77366.0,5.0,61.0),
    (965.0,'Nadi',42284.0,5.0,61.0),
    (966.0,'Ba',14596.0,5.0,61.0),
    (967.0,'Levuka',8360.0,5.0,61.0),
    (968.0,'Labasa',27949.0,5.0,61.0),
    (969.0,'Port Moresby',283733.0,5.0,142.0),
    (970.0,'Lae',76255.0,5.0,142.0),
    (971.0,'Arawa',40266.0,5.0,142.0),
    (972.0,'Mount Hagen',33623.0,5.0,142.0),
    (973.0,'Wau',14629.0,5.0,142.0),
    (974.0,'Noumea',93060.0,5.0,223.0),
    (975.0,'Mont-Dore',24680.0,5.0,223.0),
    (976.0,'Wé',10375.0,5.0,223.0),
    (977.0,'Koné',4572.0,5.0,223.0),
    (978.0,'Dumbéa',19346.0,5.0,223.0),
    (979.0,'Apia',40407.0,5.0,155.0),
    (980.0,'Asau',6643.0,5.0,155.0),
    (981.0,'Mulifanua',4508.0,5.0,155.0),
    (982.0,'Vailoa',769.0,5.0,155.0),
    (983.0,'Afega',1895.0,5.0,155.0),
    (984.0,'Faaa',29851.0,5.0,224.0),
    (985.0,'Papeete',26357.0,5.0,224.0),
    (986.0,'Papao',10360.0,5.0,224.0),
    (987.0,'Taiohae',1224.0,5.0,224.0),
    (988.0,'Paea',12084.0,5.0,224.0),
    (989.0,'Koror',14584.0,5.0,139.0),
    (990.0,'Koror Town',12676.0,5.0,139.0),
    (991.0,'Angaur',320.0,5.0,139.0),
    (992.0,'Ulimang',581.0,5.0,139.0),
    (993.0,'Ngerkeai',223.0,5.0,139.0),
    (994.0,'Pangai',1738.0,5.0,184.0),
    (995.0,'Nuku''alofa',22457.0,5.0,184.0),
    (996.0,'Hihifo',815.0,5.0,184.0),
    (997.0,'Neiafu',4327.0,5.0,184.0),
    (998.0,'Ohonua',1241.0,5.0,184.0),
    (999.0,'Weno',13856.0,5.0,120.0),
    (1000.0,'Tofol',9686.0,5.0,120.0);
INSERT INTO city VALUES
    (1001.0,'Colonia',7371.0,5.0,120.0),
    (1002.0,'Kolonia',6074.0,5.0,120.0),
    (1003.0,'Kolonia Town',5681.0,5.0,120.0),
    (1004.0,'Port Vila',35901.0,5.0,197.0),
    (1005.0,'Luganville',13397.0,5.0,197.0),
    (1006.0,'Sola',1171.0,5.0,197.0),
    (1007.0,'Norsup',2998.0,5.0,197.0),
    (1008.0,'Isangel',1437.0,5.0,197.0),
    (1009.0,'Lata',553.0,5.0,167.0),
    (1010.0,'Gizo',6154.0,5.0,167.0),
    (1011.0,'Auki',6811.0,5.0,167.0),
    (1012.0,'Buala',2754.0,5.0,167.0),
    (1013.0,'Honiara',56298.0,5.0,167.0),
    (1014.0,'Yaren',1154.0,5.0,128.0),
    (1015.0,'Baiti',810.0,5.0,128.0),
    (1016.0,'Ljuw',180.0,5.0,128.0),
    (1017.0,'Anabar',378.0,5.0,128.0),
    (1018.0,'Uaboe',330.0,5.0,128.0),
    (1019.0,'Dededo Village',44943.0,5.0,225.0),
    (1020.0,'Yona Village',6484.0,5.0,225.0),
    (1021.0,'Agat Village',5656.0,5.0,225.0),
    (1022.0,'Talofofo',3215.0,5.0,225.0),
    (1023.0,'Merizo',2152.0,5.0,225.0),
    (1024.0,'Majuro',25400.0,5.0,116.0),
    (1025.0,'Kili',602.0,5.0,116.0),
    (1026.0,'Ujae',448.0,5.0,116.0),
    (1027.0,'Utrik',409.0,5.0,116.0),
    (1028.0,'Lae',319.0,5.0,116.0),
    (1029.0,'Tarawa',40311.0,5.0,93.0),
    (1030.0,'Bonriki Village',2119.0,5.0,93.0),
    (1031.0,'Makin Village',1834.0,5.0,93.0),
    (1032.0,'Teaoraereke Village',3939.0,5.0,93.0),
    (1033.0,'Betio Village',12509.0,5.0,93.0),
    (1034.0,'Funafuti',4492.0,5.0,189.0),
    (1035.0,'Asau Village',250.0,5.0,189.0),
    (1036.0,'Tokelau Village',281.0,5.0,189.0),
    (1037.0,'Motufoua School',506.0,5.0,189.0),
    (1038.0,'Savave Village',586.0,5.0,189.0),
    (1039.0,'Avarua',13373.0,5.0,226.0),
    (1040.0,'Amuri',285.0,5.0,226.0),
    (1041.0,'Omoka',180.0,5.0,226.0),
    (1042.0,'Roto',74.0,5.0,226.0),
    (1043.0,'Tauhunu',69.0,5.0,226.0),
    (1044.0,'Pago Pago',11548.0,5.0,227.0),
    (1045.0,'Leone',4050.0,5.0,227.0),
    (1046.0,'Fagatogo',1868.0,5.0,227.0),
    (1047.0,'Malaeimi',1261.0,5.0,227.0),
    (1048.0,'Aüa',2124.0,5.0,227.0),
    (1049.0,'Liku Village',71.0,5.0,228.0),
    (1050.0,'Fatiau',60.0,5.0,228.0),
    (1051.0,'Lakepa',88.0,5.0,228.0),
    (1052.0,'Hakupu',221.0,5.0,228.0),
    (1053.0,'Alofi',624.0,5.0,228.0),
    (1054.0,'Mata-Utu',1201.0,5.0,229.0),
    (1055.0,'Leava',480.0,5.0,229.0),
    (1056.0,'Alo',239.0,5.0,229.0),
    (1057.0,'Adamstown',56.0,5.0,230.0),
    (1058.0,'Fale Old Settlement',120.0,5.0,231.0),
    (1059.0,'Nukunonu',426.0,5.0,231.0),
    (1060.0,'Atafu',524.0,5.0,231.0),
    (1061.0,'Rocky Point',51.0,5.0,232.0),
    (1062.0,'Middlegate',43.0,5.0,232.0),
    (1063.0,'Cascade',18.0,5.0,232.0),
    (1064.0,'Burnt Pine',348.0,5.0,232.0),
    (1065.0,'Kingston',880.0,5.0,232.0),
    (1066.0,'Saipan',48220.0,5.0,233.0),
    (1067.0,'San Jose',15000.0,5.0,233.0),
    (1068.0,'Pagan Village',50.0,5.0,233.0),
    (1069.0,'Agrihan Village',20.0,5.0,233.0),
    (1070.0,'Alamagan Village',15.0,5.0,233.0);
